,birth_date,birth_place,death_date,education,gender,occupation,viaf,wkp
0,1526-01-01T00:00:00Z,Mino Province,1582-07-02T00:00:00Z,,male,military officer,32835761,Q313320
1,1653-01-01T00:00:00Z,Echizen Province,1725-01-06T00:00:00Z,,male,playwright,61595937,Q324986
2,,,,,,,,Q11173943
3,1828-01-23T00:00:00Z,Satsuma Province,1877-09-24T00:00:00Z,,male,bushi,33284849,Q310462
4,1859-05-22T00:00:00Z,?ta-juku,1935-02-28T00:00:00Z,Tokyo University,male,translator,32091830,Q706196
5,1222-02-23T00:00:00Z,Kamogawa,1282-10-20T00:00:00Z,,male,bhikkhu,75128722,Q311478
6,1567-01-01T00:00:00Z,,1615-01-01T00:00:00Z,,female,samurai,48083655,Q247408
7,1798-09-24T00:00:00Z,Nagasaki,1866-02-28T00:00:00Z,,male,,75198371,Q7677398
8,1183-01-01T00:00:00Z,,1242-07-21T00:00:00Z,,male,samurai,98498818,Q1188359
9,1605-01-01T00:00:00Z,,1653-09-01T00:00:00Z,,male,farmer,23492752,Q7403175
10,1642-01-01T00:00:00Z,?saka,1693-09-09T00:00:00Z,,male,poet,59088917,Q352561
11,,,,,,,,Q1050942
12,1552-01-01T00:00:00Z,Nara,1615-02-04T00:00:00Z,,male,samurai,67394377,Q749873
13,1684-11-27T00:00:00Z,,1751-07-12T00:00:00Z,,male,samurai,40189865,Q319664
14,1155-05-31T00:00:00Z,Kyoto,1225-11-11T00:00:00Z,,male,poet,46892904,Q715993
15,1507-12-28T00:00:00Z,Japan,1551-10-10T00:00:00Z,,male,samurai,53233683,Q1065163
16,1622-01-01T00:00:00Z,,1694-01-01T00:00:00Z,,male,entrepreneur,31872416,Q6883251
17,0700-01-01T00:00:00Z,,0772-01-01T00:00:00Z,,male,statesman,17077150,Q1272718
18,1521-12-01T00:00:00Z,Kai Province,1573-05-13T00:00:00Z,,male,samurai,8226337,Q276404
19,1871-11-05T00:00:00Z,Nakamura,1911-01-24T00:00:00Z,,male,journalist,64218988,Q558267
20,1506-04-17T00:00:00Z,Javier,1552-12-13T00:00:00Z,University of Paris,male,missionary,51717999,Q163900
21,1624-08-28T00:00:00Z,Hirado,1662-06-23T00:00:00Z,Nanjing University,male,military personnel,5727768,Q197615
22,1811-03-22T00:00:00Z,Matsushiro,1864-08-12T00:00:00Z,,male,physicist,25948303,Q739298
23,0668-01-01T00:00:00Z,Kawachi Province,0749-01-01T00:00:00Z,,male,cartographer,265934394,Q1136664
24,0758-01-01T00:00:00Z,,0811-06-21T00:00:00Z,,male,samurai,252089043,Q941979
25,1816-01-01T00:00:00Z,,1862-05-06T00:00:00Z,,male,samurai,29181642,Q4715741
26,0170-01-01T00:00:00Z,Kyoto,0269-01-01T00:00:00Z,,female,,253277312,Q232803
27,1567-09-15T00:00:00Z,Yonezawa,1636-06-27T00:00:00Z,,male,samurai,48091372,Q311183
28,1836-08-05T00:00:00Z,"Izushi, Hy?go",1916-02-09T00:00:00Z,,male,politician,79424444,Q1960314
29,1201-01-01T00:00:00Z,,1290-09-29T00:00:00Z,,male,,25860274,Q11410722
30,1217-08-19T00:00:00Z,,1303-08-25T00:00:00Z,,male,,50553939,Q3080889
31,1402-06-07T00:00:00Z,Kyoto,1481-04-30T00:00:00Z,,male,writer,64820039,Q1656375
32,1539-01-01T00:00:00Z,,1600-11-06T00:00:00Z,,male,samurai,232044393,Q1151711
33,1622-09-21T00:00:00Z,,1685-10-23T00:00:00Z,,male,philosopher,46848145,Q1095270
34,1770-01-01T00:00:00Z,,1807-10-20T00:00:00Z,,,,23702303,Q6532218
35,1843-02-12T00:00:00Z,Edo,1890-01-23T00:00:00Z,Phillips Academy,male,missionary,57965845,Q905142
36,1133-05-13T00:00:00Z,"Kume, Okayama",1212-03-14T00:00:00Z,,male,bhikkhu,64013860,Q507980
37,1767-07-04T00:00:00Z,Fukagawa,1848-12-01T00:00:00Z,,male,novelist,95239570,Q463142
38,1358-09-25T00:00:00Z,Kyoto,1408-05-31T00:00:00Z,,male,samurai,96626824,Q248381
39,1627-08-30T00:00:00Z,Kyoto,1705-04-05T00:00:00Z,,male,philosopher,42646225,Q640808
40,1862-12-26T00:00:00Z,Yokohama,1913-09-02T00:00:00Z,Ranshad?,male,art critic,99830297,Q942995
41,0645-01-01T00:00:00Z,,0703-01-17T00:00:00Z,,female,poet,30375641,Q232026
42,1780-12-21T00:00:00Z,,1850-04-07T00:00:00Z,,male,,67274218,Q11678013
43,1455-05-11T00:00:00Z,,1537-11-05T00:00:00Z,,male,calligrapher,25442213,Q11355856
44,1780-01-01T00:00:00Z,"Tsukuba District, Ibaraki",1844-04-13T00:00:00Z,,male,explorer,10240623,Q952891
45,1796-02-17T00:00:00Z,W?rzburg,1866-10-18T00:00:00Z,University of W?rzburg,male,carcinologist,17320528,Q77140
46,1803-02-18T00:00:00Z,Nagoya,1901-01-20T00:00:00Z,,male,botanist,53142894,Q705243
47,1886-02-12T00:00:00Z,Fukuoka,1943-10-27T00:00:00Z,Waseda University,male,journalist,98080019,Q1135245
48,1858-12-24T00:00:00Z,Sagami Province,1954-10-06T00:00:00Z,University of Tokyo,male,journalist,47001784,Q1152666
49,0072-01-01T00:00:00Z,Yamato Province,0113-01-01T00:00:00Z,,male,,2146030441635860811,Q461258
50,1872-05-02T00:00:00Z,Tokyo,1896-11-23T00:00:00Z,,female,novelist,95282437,Q237948
51,1621-01-01T00:00:00Z,,1638-04-12T00:00:00Z,,male,samurai,60525239,Q452628
52,,,,,,,,Q5986157
53,1835-01-09T00:00:00Z,Aki,1885-02-07T00:00:00Z,,male,entrepreneur,40808703,Q380105
54,1849-12-25T00:00:00Z,Edo,1912-09-13T00:00:00Z,,male,politician,7381205,Q468122
55,1537-12-15T00:00:00Z,,1597-10-09T00:00:00Z,,male,samurai,64807224,Q434415
56,1836-01-25T00:00:00Z,Kyoto,1924-12-31T00:00:00Z,,male,painter,96576499,Q1377454
57,1539-01-01T00:00:00Z,Japan,1599-07-11T00:00:00Z,,male,samurai,55603756,Q1070082
58,0944-01-01T00:00:00Z,,0998-08-19T00:00:00Z,,male,calligrapher,110757729,Q3085481
59,1156-01-01T00:00:00Z,,1225-08-13T00:00:00Z,,female,bhikkhuni,50623009,Q463961
60,1173-01-01T00:00:00Z,,1232-01-01T00:00:00Z,,male,bhikkhu,3272339,Q2026000
61,1815-03-13T00:00:00Z,Milton,1911-09-21T00:00:00Z,,male,teacher,6242432,Q368162
62,1886-02-20T00:00:00Z,Morioka,1912-04-13T00:00:00Z,Q11251366,male,journalist,51691113,Q467747
63,1539-01-01T00:00:00Z,,1615-10-16T00:00:00Z,,,,63921804,Q11476199
64,1813-01-01T00:00:00Z,,1858-12-20T00:00:00Z,,male,,,Q11092003
65,1173-06-04T00:00:00Z,Kyoto,1263-01-30T00:00:00Z,,male,,25398003,Q512934
66,1643-12-26T00:00:00Z,,1724-06-29T00:00:00Z,,male,samurai,65467806,Q841837
67,1838-06-14T00:00:00Z,Hagi,1922-02-01T00:00:00Z,Sh?ka Sonjuku,male,politician,57421969,Q297636
68,1605-01-01T00:00:00Z,Shizuoka,1651-09-10T00:00:00Z,,male,,66339016,Q8060473
69,1804-10-03T00:00:00Z,Washington County,1878-02-25T00:00:00Z,,male,diplomat,52491637,Q610626
70,1863-01-01T00:00:00Z,Nagoya,1903-01-01T00:00:00Z,University of Tokyo,male,philosopher,20818362,Q6419167
71,1644-01-01T00:00:00Z,Q3148112,1694-11-28T00:00:00Z,,male,poet,12304628,Q5676
72,1761-09-13T00:00:00Z,Kiba,1816-10-27T00:00:00Z,,male,poet,59133304,Q938347
73,0866-01-01T00:00:00Z,,0945-06-30T00:00:00Z,,male,poet,90721405,Q468288
74,1559-09-01T00:00:00Z,?mi Province,1600-11-06T00:00:00Z,,male,samurai,52528865,Q334107
75,1827-11-27T00:00:00Z,,1872-01-01T00:00:00Z,,male,samurai,57453872,Q711001
76,1838-03-11T00:00:00Z,Saga,1922-01-10T00:00:00Z,,male,politician,74655776,Q243141
77,1763-06-15T00:00:00Z,Shinano Province,1828-01-05T00:00:00Z,,male,painter,14771916,Q312709
78,1816-03-01T00:00:00Z,Tokyo,1893-01-22T00:00:00Z,,male,screenwriter,41960718,Q1737345
79,0701-01-01T00:00:00Z,,0760-08-04T00:00:00Z,,female,,173190366,Q837932
80,0695-01-01T00:00:00Z,Kurashiki,0775-11-03T00:00:00Z,,male,philosopher,73768237,Q1063276
81,1609-05-10T00:00:00Z,,1682-06-27T00:00:00Z,,male,philosopher,35776952,Q3148401
82,1163-01-01T00:00:00Z,,1224-07-15T00:00:00Z,,male,samurai,54079867,Q1028811
83,1600-11-01T00:00:00Z,,1682-01-01T00:00:00Z,,male,,38269764,Q11093536
84,1834-04-19T00:00:00Z,Fukui,1859-11-01T00:00:00Z,,male,samurai,72201183,Q1036286
85,1879-10-20T00:00:00Z,Yamaguchi Prefecture,1946-01-30T00:00:00Z,University of Tokyo,male,journalist,22933447,Q1135505
86,0966-01-01T00:00:00Z,,1025-01-01T00:00:00Z,,female,diarist,292487559,Q231603
87,1834-03-18T00:00:00Z,Hizen Province,1874-04-13T00:00:00Z,,male,politician,35295274,Q1202291
88,1200-01-26T00:00:00Z,Uji,1253-09-29T00:00:00Z,,male,bhikkhu,4929063,Q318064
89,1867-03-19T00:00:00Z,Kosai,1930-10-30T00:00:00Z,,male,engineer,67931629,Q137727
90,1615-01-01T00:00:00Z,Himeji,1664-01-18T00:00:00Z,,male,,46693207,Q6564173
91,1864-12-31T00:00:00Z,Edo,1929-08-16T00:00:00Z,Bryn Mawr College,female,feminist,52490783,Q514524
92,1164-01-01T00:00:00Z,,1205-07-10T00:00:00Z,,male,bushi,51621664,Q3128268
93,1697-04-24T00:00:00Z,Q11379268,1769-11-27T00:00:00Z,,male,poet,5730760,Q1343397
94,1685-10-12T00:00:00Z,Tamba Province,1744-10-29T00:00:00Z,,male,philosopher,71621998,Q1319454
95,1162-01-01T00:00:00Z,Kyoto,1241-10-03T00:00:00Z,,male,calligrapher,29592327,Q378425
96,1592-12-07T00:00:00Z,Fuzhou,1673-05-19T00:00:00Z,,male,calligrapher,67771629,Q705266
97,1724-01-01T00:00:00Z,,1808-01-01T00:00:00Z,,,archaeologist,65293183,Q11092860
98,1851-06-30T00:00:00Z,,1917-05-03T00:00:00Z,,male,politician,43304129,Q10885047
99,1297-08-21T00:00:00Z,,1348-12-10T00:00:00Z,,male,,42677800,Q440503
100,0845-08-01T00:00:00Z,Kyoto,0903-01-01T00:00:00Z,,male,Kugy?,111068012,Q382005
101,1850-05-19T00:00:00Z,Edo,1901-06-21T00:00:00Z,,male,lawyer,6317398,Q11512805
102,1749-04-19T00:00:00Z,Nakach?,1823-05-16T00:00:00Z,,male,poet,39704216,Q386183
103,1630-12-17T00:00:00Z,Hizen Province,1714-10-05T00:00:00Z,,male,philosopher,24651551,Q1721396
104,1797-04-13T00:00:00Z,,1858-04-21T00:00:00Z,,,,65344429,Q11433147
105,1522-01-01T00:00:00Z,Sakai,1591-04-21T00:00:00Z,,male,bhikkhu,77154987,Q305477
106,0903-01-01T00:00:00Z,,0972-01-01T00:00:00Z,,male,,262705266,Q2975265
107,1837-03-07T00:00:00Z,Uwa District,1908-07-01T00:00:00Z,,male,judge,18711370,Q3701476
108,0719-01-01T00:00:00Z,,0790-11-17T00:00:00Z,,,,61477008,Q11382787
109,1415-04-22T00:00:00Z,Kyoto,1499-05-23T00:00:00Z,,male,bhikkhu,18023889,Q323600
110,1640-01-01T00:00:00Z,Amagasaki,1701-03-04T00:00:00Z,,male,poet,262246524,Q1334965
111,1776-10-06T00:00:00Z,Akita,1843-11-02T00:00:00Z,,male,philosopher,37719205,Q2572749
112,0737-01-01T00:00:00Z,,0806-01-01T00:00:00Z,,male,,71274782,Q314846
113,1815-11-29T00:00:00Z,Edo,1860-03-24T00:00:00Z,,male,politician,42640401,Q716940
114,1837-09-20T00:00:00Z,,1897-12-12T00:00:00Z,,male,journalist,57965625,Q753228
115,1283-01-01T00:00:00Z,Kyoto,1350-01-01T00:00:00Z,,male,poet,294754312,Q372772
116,1867-04-05T00:00:00Z,"Ama District, Aichi",1934-03-10T00:00:00Z,Keio University,male,calligrapher,14629018,Q11546494
117,1326-01-01T00:00:00Z,,1420-01-01T00:00:00Z,,male,poet,311151379,Q281350
118,1583-01-01T00:00:00Z,Kyoto,1657-03-07T00:00:00Z,Kennin-ji,male,philosopher,20485512,Q558279
119,1751-01-01T00:00:00Z,Japan,1828-05-28T00:00:00Z,,male,,256900400,Q2563388
120,1120-01-01T00:00:00Z,,1156-08-01T00:00:00Z,,male,samurai,13694917,Q718947
121,,,1699-07-12T00:00:00Z,,,,56507716,Q11553936
122,0733-01-01T00:00:00Z,,0799-04-04T00:00:00Z,,male,,26143131,Q7961005
123,1270-01-01T00:00:00Z,,1351-01-01T00:00:00Z,,male,,264072888,Q3192053
124,1846-07-03T00:00:00Z,Kyoto,1877-09-02T00:00:00Z,,female,,67268304,Q907048
125,1842-09-19T00:00:00Z,,1900-06-29T00:00:00Z,,male,,41771594,Q11612437
126,1141-06-03T00:00:00Z,Bitch? Province,1215-07-09T00:00:00Z,,male,priest,24842932,Q366128
127,1783-06-11T00:00:00Z,Tokyo,1842-08-24T00:00:00Z,,male,poet,49390873,Q541039
128,1843-09-03T00:00:00Z,"Usa District, ?ita",1922-10-15T00:00:00Z,,male,lawyer,67945744,Q11432179
129,1841-05-13T00:00:00Z,Nagasaki,1906-01-04T00:00:00Z,,male,screenwriter,13598125,Q861241
130,1039-01-01T00:00:00Z,,1106-08-04T00:00:00Z,,male,samurai,57894522,Q32613
131,0978-01-01T00:00:00Z,Kyoto,1016-01-01T00:00:00Z,,female,diarist,95154208,Q81731
132,,,,,,,,Q2975292
133,1159-01-01T00:00:00Z,,1189-06-22T00:00:00Z,,male,bushi,47572043,Q310445
134,1778-02-11T00:00:00Z,Hiji,1852-07-30T00:00:00Z,,male,political scientist,77747448,Q6564584
135,1832-06-24T00:00:00Z,Tokyo,1891-06-07T00:00:00Z,,male,teacher,28482020,Q555629
136,1539-01-25T00:00:00Z,Nagoya,1599-04-27T00:00:00Z,,male,samurai,54987314,Q1196817
137,1746-06-23T00:00:00Z,Hokino,1821-10-07T00:00:00Z,,male,philosopher,6290708,Q6537362
138,1828-10-10T00:00:00Z,Edo,1890-06-02T00:00:00Z,,male,samurai,57934620,Q910802
139,1723-09-01T00:00:00Z,"Aki, ?ita",1789-04-09T00:00:00Z,,male,political scientist,44362546,Q8192957
140,1579-01-01T00:00:00Z,,1647-01-01T00:00:00Z,,male,samurai,13628322,Q541040
141,1809-09-22T00:00:00Z,Kumamoto,1869-02-15T00:00:00Z,,male,politician,73887286,Q865960
142,1818-03-12T00:00:00Z,Q17189603,1888-02-10T00:00:00Z,,male,painter,23484200,Q11531839
143,1743-01-01T00:00:00Z,,1809-02-09T00:00:00Z,,male,physician,54080190,Q6531277
144,1867-09-17T00:00:00Z,Matsuyama,1902-09-19T00:00:00Z,University of Tokyo,male,poet,76319806,Q315152
145,1867-04-15T00:00:00Z,Wakayama,1941-12-29T00:00:00Z,Michigan State University,male,biologist,32152582,Q6862791
146,0688-01-01T00:00:00Z,,0763-06-29T00:00:00Z,,male,bhikkhu,30847046,Q714061
147,1864-03-09T00:00:00Z,,1934-02-04T00:00:00Z,,male,,22072551,Q11516769
148,1041-01-01T00:00:00Z,,1111-12-07T00:00:00Z,,male,poet,47072959,Q3135978
149,1522-03-10T00:00:00Z,,1564-08-10T00:00:00Z,,male,samurai,75913074,Q1064909
150,0944-01-01T00:00:00Z,,1021-08-29T00:00:00Z,,male,,60654514,Q590523
151,1879-08-24T00:00:00Z,Tokyo,1903-06-29T00:00:00Z,Tokyo University of the Arts,male,composer,44569100,Q717957
152,1751-09-09T00:00:00Z,Edo,1822-04-02T00:00:00Z,,male,samurai,18608713,Q1194899
153,0706-01-01T00:00:00Z,,0764-01-01T00:00:00Z,,male,poet,44176592,Q540305
154,1794-07-19T00:00:00Z,,1851-03-12T00:00:00Z,,male,samurai,34344043,Q2975848
155,1277-01-01T00:00:00Z,,1350-02-26T00:00:00Z,,male,bushi,254472185,Q2828933
156,1381-01-01T00:00:00Z,,1441-10-04T00:00:00Z,,male,samurai,256605013,Q2496284
157,,,,,male,samurai,260846183,Q7820079
158,0847-01-01T00:00:00Z,,0919-01-16T00:00:00Z,,male,philosopher,26994934,Q2399435
159,1733-10-20T00:00:00Z,Yaraich?,1817-06-01T00:00:00Z,,male,translator,69768333,Q1385286
160,1858-01-25T00:00:00Z,Toba,1954-09-21T00:00:00Z,,male,entrepreneur,57938597,Q956283
161,1876-01-12T00:00:00Z,Yamaguchi Prefecture,1964-05-14T00:00:00Z,University of Tokyo,male,pathologist,68015183,Q6391549
162,1728-01-01T00:00:00Z,Q11490891,1780-01-24T00:00:00Z,,male,physician,48096126,Q968242
163,1872-09-01T00:00:00Z,,1940-03-13T00:00:00Z,,male,,3282548,Q11467742
164,1781-05-01T00:00:00Z,,1849-07-13T00:00:00Z,,,,65311315,Q6536628
165,1329-01-01T00:00:00Z,,1392-03-25T00:00:00Z,,male,samurai,21236149,Q1139739
166,1850-04-23T00:00:00Z,,1921-08-11T00:00:00Z,,male,agronomist,8709604,Q11397625
167,1106-01-01T00:00:00Z,,1180-06-27T00:00:00Z,,male,poet,25948293,Q164948
168,1118-06-14T00:00:00Z,,1201-04-28T00:00:00Z,,male,bushi,26994733,Q11406057
169,1768-05-25T00:00:00Z,Inaba Province,1843-04-26T00:00:00Z,,male,poet,72721337,Q1721095
170,1835-01-10T00:00:00Z,?saka,1901-02-03T00:00:00Z,,male,philosopher,71431899,Q355447
171,1823-03-12T00:00:00Z,Edo,1899-01-19T00:00:00Z,,male,politician,13108194,Q700470
172,1530-02-10T00:00:00Z,Japan,1587-06-11T00:00:00Z,,male,samurai,60454824,Q1185032
173,0912-10-15T00:00:00Z,?mi Province,0985-01-26T00:00:00Z,,male,,72339015,Q543930
174,1755-01-01T00:00:00Z,Q11541403,1836-01-01T00:00:00Z,,male,explorer,113823863,Q4141812
175,1870-02-23T00:00:00Z,Okazaki,1954-02-12T00:00:00Z,University of Tokyo,male,engineer,53243079,Q451062
176,1840-10-16T00:00:00Z,Kagoshima Castle,1900-08-23T00:00:00Z,,male,samurai,42593677,Q714049
177,0586-01-01T00:00:00Z,,0645-07-14T00:00:00Z,,male,politician,18478337,Q1292368
178,0700-01-01T00:00:00Z,,0645-07-13T00:00:00Z,,male,,16025497,Q736621
179,0572-02-07T00:00:00Z,,0622-04-11T00:00:00Z,,male,politician,54960657,Q263972
180,1730-06-21T00:00:00Z,Matsusaka,1801-10-05T00:00:00Z,,male,poet,19686423,Q384647
181,1118-01-01T00:00:00Z,Kyoto,1190-01-01T00:00:00Z,,male,poet,2539442,Q224689
182,1745-11-29T00:00:00Z,,1833-03-06T00:00:00Z,,male,,70249633,Q8013051
183,1533-10-22T00:00:00Z,Fukui Prefecture,1573-10-16T00:00:00Z,,male,politician,40714819,Q1322768
184,1234-01-01T00:00:00Z,Japan,1289-01-01T00:00:00Z,,male,bhikkhuni,28407194,Q1056232
185,0976-01-01T00:00:00Z,Echizen Province,1033-01-01T00:00:00Z,,female,poet,79397628,Q239898
186,1561-02-08T00:00:00Z,Q11605947,1619-10-19T00:00:00Z,,male,philosopher,25407659,Q655390
187,1801-06-23T00:00:00Z,Nirayama Daikansho,1855-03-01T00:00:00Z,,male,samurai,67875776,Q366267
188,1793-10-20T00:00:00Z,Q17215107,1841-11-23T00:00:00Z,,male,painter,96574339,Q3130609
189,1847-08-23T00:00:00Z,Kagoshima Prefecture,1889-02-12T00:00:00Z,University College London,male,diplomat,37680159,Q1194472
190,1127-10-18T00:00:00Z,Kyoto,1192-04-26T00:00:00Z,,male,,49653585,Q317984
191,1782-05-22T00:00:00Z,Mameda,1856-11-28T00:00:00Z,,male,poet,20493520,Q1620267
192,1776-03-24T00:00:00Z,Kagoshima,1849-01-13T00:00:00Z,,male,samurai,31926796,Q2814495
193,1828-04-26T00:00:00Z,Chiba Prefecture,1902-08-18T00:00:00Z,,male,politician,47602715,Q3022461
194,0767-09-15T00:00:00Z,?mi Province,0822-06-26T00:00:00Z,,male,bhikkhu,19909768,Q449943
195,1865-01-23T00:00:00Z,Asakusa,1917-03-15T00:00:00Z,Azabu High School,male,critic,2645375,Q11470965
196,0942-01-01T00:00:00Z,,1017-07-18T00:00:00Z,,male,bhikkhu,52770407,Q1009263
197,0793-01-01T00:00:00Z,Shimotsuke Province,0864-02-24T00:00:00Z,,male,priest,284701464,Q732282
198,1840-02-13T00:00:00Z,Musashi Province,1931-11-11T00:00:00Z,,male,entrepreneur,42647346,Q704995
199,1657-03-24T00:00:00Z,Edo,1725-06-29T00:00:00Z,,male,economist,50022747,Q467616
200,1835-01-24T00:00:00Z,J?etsu,1919-04-27T00:00:00Z,,male,politician,72841328,Q282292
201,0814-01-01T00:00:00Z,,0891-01-01T00:00:00Z,,male,bhikkhu,11146250,Q1972505
202,1832-06-21T00:00:00Z,Akune,1893-06-06T00:00:00Z,University College London,male,diplomat,76164816,Q249025
203,0832-03-11T00:00:00Z,,0909-08-29T00:00:00Z,,male,,257568927,Q11610974
204,1149-01-01T00:00:00Z,,1202-11-07T00:00:00Z,,male,samurai,29116898,Q11564317
205,1809-04-28T00:00:00Z,Edo,1858-07-16T00:00:00Z,,male,samurai,62353205,Q1143856
206,1775-12-23T00:00:00Z,Ikenohata,1835-08-27T00:00:00Z,,male,,1346286,Q6562122
207,0972-01-01T00:00:00Z,,1028-01-09T00:00:00Z,,male,Kugy?,206125777,Q3076818
208,1836-06-12T00:00:00Z,Edo,1909-07-19T00:00:00Z,Sh?heizaka Gakumonjo,male,samurai,14672613,Q2813872
209,1306-01-01T00:00:00Z,,1373-09-20T00:00:00Z,,male,bushi,,Q1036907
210,1547-01-01T00:00:00Z,,1611-07-13T00:00:00Z,,male,samurai,14672621,Q1144171
211,1716-01-01T00:00:00Z,Settsu Province,1783-12-25T00:00:00Z,,male,painter,120725614,Q31523
212,1680-11-05T00:00:00Z,Iida,1747-07-07T00:00:00Z,,male,political scientist,67528531,Q6563258
213,0659-01-01T00:00:00Z,,0720-09-17T00:00:00Z,,male,statesman,16336858,Q177517
214,1604-08-12T00:00:00Z,Edo Castle,1651-06-08T00:00:00Z,,male,politician,20493499,Q314481
215,1801-04-25T00:00:00Z,,1868-04-07T00:00:00Z,,male,,1398578,Q3532613
216,1428-10-17T00:00:00Z,,,,,,252023248,Q11353943
217,1806-05-04T00:00:00Z,Mito,1855-11-11T00:00:00Z,,male,,27862907,Q6564466
218,1646-02-23T00:00:00Z,Tokyo,1709-02-19T00:00:00Z,,male,samurai,52853623,Q313745
219,1421-01-01T00:00:00Z,Japan,1502-01-01T00:00:00Z,,male,poet,60191368,Q923562
220,1118-01-01T00:00:00Z,Japan,1181-03-27T00:00:00Z,,male,samurai,62932224,Q281833
221,,,0941-01-01T00:00:00Z,,male,,54055745,Q1187731
222,0684-01-01T00:00:00Z,,0729-01-01T00:00:00Z,,male,politician,78630116,Q1963492
223,1410-01-01T00:00:00Z,,1466-03-31T00:00:00Z,,male,samurai,26704671,Q674269
224,1847-12-08T00:00:00Z,K?chi,1901-12-13T00:00:00Z,,male,journalist,67781982,Q2972146
225,1078-01-01T00:00:00Z,,1162-07-31T00:00:00Z,,male,writer,76624569,Q718939
226,1624-11-29T00:00:00Z,,1681-07-04T00:00:00Z,,male,samurai,4579054,Q7402769
227,1855-06-12T00:00:00Z,Tokyo,1905-04-13T00:00:00Z,,male,economist,57386053,Q4121064
228,1567-12-18T00:00:00Z,,1643-01-15T00:00:00Z,,male,samurai,77578228,Q1071770
229,1556-01-01T00:00:00Z,Ibaraki,1615-06-24T00:00:00Z,,male,samurai,4577675,Q1882775
230,1888-01-30T00:00:00Z,Yamagata,1956-01-28T00:00:00Z,Waseda University,male,journalist,21067139,Q3525556
231,1251-06-12T00:00:00Z,,1284-04-27T00:00:00Z,,male,politician,45654280,Q430964
232,1858-08-02T00:00:00Z,,1919-03-04T00:00:00Z,,male,pastor,75253054,Q11495535
233,1839-09-27T00:00:00Z,Ch?sh? Domain,1867-05-17T00:00:00Z,,male,samurai,32802539,Q700310
234,1725-10-15T00:00:00Z,,1789-11-23T00:00:00Z,,male,,46704508,Q11547699
235,1571-01-01T00:00:00Z,Sendai Domain,1622-08-07T00:00:00Z,,male,diplomat,18567402,Q244764
236,1278-01-01T00:00:00Z,,1333-07-04T00:00:00Z,,male,,,Q1083385
237,0980-01-01T00:00:00Z,Kyoto,1011-01-01T00:00:00Z,,male,,41342345,Q449540
238,1868-04-12T00:00:00Z,Matsuyama,1918-02-04T00:00:00Z,Imperial Japanese Naval Academy,male,military personnel,13843539,Q709211
239,1148-01-01T00:00:00Z,,1225-07-16T00:00:00Z,,male,,257336528,Q384829
240,1301-01-01T00:00:00Z,,1338-08-25T00:00:00Z,,male,bushi,6348759,Q1328796
241,1327-01-01T00:00:00Z,,1387-09-01T00:00:00Z,,male,,,Q11636796
242,1848-01-04T00:00:00Z,Yamaguchi Prefecture,1913-10-10T00:00:00Z,,male,politician,890041,Q159048
243,0952-01-01T00:00:00Z,,1012-08-06T00:00:00Z,,male,poet,117990869,Q2395120
244,1254-01-01T00:00:00Z,,1332-04-16T00:00:00Z,,male,poet,59882736,Q538046
245,1628-07-11T00:00:00Z,,1701-01-14T00:00:00Z,,male,samurai,52528780,Q1194944
246,1677-01-01T00:00:00Z,,1752-02-03T00:00:00Z,,male,judge,69733604,Q1054143
247,1857-11-30T00:00:00Z,Hirosaki,1907-09-02T00:00:00Z,,male,journalist,50572075,Q3200221
248,1879-08-31T00:00:00Z,Tokyo,1926-12-25T00:00:00Z,,male,,64809883,Q157052
249,1754-01-01T00:00:00Z,,1829-08-18T00:00:00Z,,,,54951356,Q11619285
250,0630-01-01T00:00:00Z,,0690-01-01T00:00:00Z,,female,poet,308693431,Q119461
251,0966-01-01T00:00:00Z,Kyoto,1028-01-03T00:00:00Z,,male,politician,109643542,Q433133
252,,,,,,,,Q1872031
253,1607-01-01T00:00:00Z,Japan,1678-01-01T00:00:00Z,,female,,45613364,Q911334
254,1386-03-20T00:00:00Z,,1428-02-12T00:00:00Z,,male,samurai,29479123,Q466287
255,1519-01-01T00:00:00Z,Shizuoka,1560-06-12T00:00:00Z,,male,samurai,76269408,Q1054305
256,1763-01-01T00:00:00Z,Edo,1825-01-01T00:00:00Z,,female,philologist,62693565,Q6536598
257,0774-01-01T00:00:00Z,,0824-01-01T00:00:00Z,,male,bhikkhu,76097701,Q353558
258,1363-01-01T00:00:00Z,Japan,1443-01-01T00:00:00Z,,male,stage actor,32005662,Q169352
259,1849-08-24T00:00:00Z,Mutsu Province,1923-12-29T00:00:00Z,,male,politician,26014043,Q4121067
260,1404-07-06T00:00:00Z,,1473-04-15T00:00:00Z,,male,samurai,29421390,Q1355689
261,1198-07-18T00:00:00Z,,1261-12-03T00:00:00Z,,male,,3728929,Q373083
262,1209-01-01T00:00:00Z,,1283-01-01T00:00:00Z,,female,poet,45628816,Q336103
263,,,0733-02-04T00:00:00Z,,female,,,Q11582685
264,1139-01-01T00:00:00Z,,1203-08-29T00:00:00Z,,male,bhikkhu,255878594,Q11080166
265,1884-04-04T00:00:00Z,Nagaoka,1943-04-18T00:00:00Z,Harvard University,male,military officer,811635,Q152325
266,1596-12-19T00:00:00Z,,1662-05-04T00:00:00Z,,male,samurai,164563255,Q6788056
267,0660-01-01T00:00:00Z,,0733-01-01T00:00:00Z,,male,poet,67864930,Q1273642
268,0600-01-01T00:00:00Z,Korean Peninsula,,,male,,,Q5680877
269,1828-10-17T00:00:00Z,Saga,1905-01-31T00:00:00Z,,male,calligrapher,28606019,Q702789
270,1835-12-03T00:00:00Z,Kagoshima,1870-08-16T00:00:00Z,,male,samurai,18548396,Q703847
271,1759-01-15T00:00:00Z,Edo,1829-06-14T00:00:00Z,,male,philosopher,121832380,Q284038
272,1534-06-23T00:00:00Z,Nagoya Castle,1582-06-21T00:00:00Z,,male,daimyo,74652663,Q171411
273,0894-01-01T00:00:00Z,,0966-02-14T00:00:00Z,,male,calligrapher,28400845,Q1439775
274,1227-07-06T00:00:00Z,,1263-12-24T00:00:00Z,,male,samurai,3729428,Q1354410
275,1886-01-28T00:00:00Z,?saka,1976-01-19T00:00:00Z,University of Tokyo,male,engineer,113075349,Q1347561
276,1861-11-24T00:00:00Z,Kagoshima Prefecture,1949-01-25T00:00:00Z,University of Tokyo,male,diplomat,65431704,Q920993
277,1837-10-28T00:00:00Z,Edo,1913-11-22T00:00:00Z,,male,photographer,72195136,Q287657
278,1884-09-25T00:00:00Z,Tokyo,1973-04-25T00:00:00Z,Waseda University,male,journalist,3884781,Q351656
279,1587-01-01T00:00:00Z,Harima Province,1645-05-19T00:00:00Z,,male,painter,96574356,Q193344
280,1568-01-01T00:00:00Z,,1595-08-20T00:00:00Z,,male,samurai,68878102,Q967501
281,1787-09-04T00:00:00Z,,1856-11-17T00:00:00Z,,male,economist,62355718,Q968964
282,0485-01-01T00:00:00Z,,0531-02-11T00:00:00Z,,male,,39237645,Q349277
283,1546-02-11T00:00:00Z,,1614-02-26T00:00:00Z,,male,samurai,77634971,Q839377
284,,,1002-11-27T00:00:00Z,,male,,76250427,Q9383388
285,0626-01-01T00:00:00Z,,0672-01-01T00:00:00Z,,male,,259810447,Q314802
286,0662-01-01T00:00:00Z,,0710-01-01T00:00:00Z,,male,poet,266605466,Q380818
287,0988-01-01T00:00:00Z,,1075-08-27T00:00:00Z,,male,,,Q3082851
288,1611-06-17T00:00:00Z,Edo,1673-02-04T00:00:00Z,,male,samurai,33457587,Q837236
